sample	DFNA5 (average)
TCGA-AQ-A04L-01B	2.521
TCGA-E9-A247-01A	1.786
TCGA-A2-A0T3-01A	1.336
TCGA-A2-A0YE-01A	1.253
TCGA-A2-A0CL-01A	1.202
TCGA-EW-A1P0-01A	1.075
TCGA-A8-A06R-01A	0.9352
TCGA-AN-A0FZ-01A	0.9333078066037737
TCGA-A7-A6VW-01A	0.8975
TCGA-A1-A0SO-01A	0.8579
TCGA-D8-A1XR-01A	0.8121
TCGA-B6-A0IB-01A	0.773
TCGA-AR-A0U3-01A	0.7336
TCGA-E9-A1N6-01A	0.7241
TCGA-AC-A5EI-01A	0.7107
TCGA-C8-A27B-01A	0.7042
TCGA-A2-A1FV-01A	0.703
TCGA-A2-A0CW-01A	0.6953
TCGA-E2-A158-01A	0.6924
TCGA-AO-A12G-01A	0.6709
TCGA-AQ-A1H2-01A	0.6696
TCGA-AO-A0J6-01A	0.667
TCGA-UU-A93S-01A	0.6629
TCGA-AN-A0AL-01A	0.6012
TCGA-A2-A0CT-01A	0.5961
TCGA-BH-A1FD-01A	0.5783
TCGA-AC-A3W5-01A	0.5659
TCGA-B6-A0IC-01A	0.5568
TCGA-E9-A1R3-01A	0.543
TCGA-A7-A13G-01A	0.5359
TCGA-BH-A0BP-01A	0.5328
TCGA-BH-A1EX-01A	0.5228
TCGA-AO-A125-01A	0.5227
TCGA-E2-A570-01A	0.5201
TCGA-AN-A0FL-01A	0.5183
TCGA-AN-A0FT-01A	0.5174
TCGA-AN-A0G0-01A	0.5155
TCGA-A8-A09K-01A	0.512
TCGA-S3-AA17-01A	0.5042
TCGA-A2-A0YJ-01A	0.4942
TCGA-A8-A09W-01A	0.4885
TCGA-E9-A1R4-01A	0.488
TCGA-A8-A06X-01A	0.487
TCGA-D8-A1XW-01A	0.4848
TCGA-AR-A0U2-01A	0.4832
TCGA-B6-A0IM-01A	0.4774
TCGA-D8-A1JJ-01A	0.4756
TCGA-A8-A06Z-01A	0.4739
TCGA-D8-A1X9-01A	0.4682
TCGA-BH-A1EN-01A	0.4679
TCGA-A7-A4SF-01A	0.4641
TCGA-AO-A03N-01B	0.4556
TCGA-GI-A2C8-01A	0.4508
TCGA-E2-A574-01A	0.4506
TCGA-BH-A0AY-01A	0.4505
TCGA-AN-A0AJ-01A	0.4478
TCGA-AN-A049-01A	0.4475
TCGA-AC-A2QH-01A	0.444
TCGA-BH-A0EB-01A	0.4439
TCGA-AO-A0JB-01A	0.4437
TCGA-OL-A97C-01A	0.4432
TCGA-EW-A1P3-01A	0.4388
TCGA-A8-A08G-01A	0.4308
TCGA-AO-A124-01A	0.4285
TCGA-GM-A2DB-01A	0.426
TCGA-A2-A1G4-01A	0.4257
TCGA-A2-A1FW-01A	0.4255
TCGA-A7-A0D9-01A	0.4198
TCGA-AR-A24H-01A	0.4193
TCGA-A7-A0CE-01A	0.4183
TCGA-B6-A0RE-01A	0.4131
TCGA-A8-A09A-01A	0.4096
TCGA-LL-A9Q3-01A	0.409
TCGA-E9-A1NF-01A	0.4065
TCGA-E9-A54X-01A	0.4041
TCGA-OL-A5RZ-01A	0.401
TCGA-E9-A3HO-01A	0.3941
TCGA-E9-A295-01A	0.39
TCGA-GM-A2DL-01A	0.3895
TCGA-AO-A03T-01A	0.3883
TCGA-A7-A26F-01A	0.3869
TCGA-AR-A24W-01A	0.3808
TCGA-AC-A6NO-01A	0.3795
TCGA-A2-A0T2-01A	0.3792
TCGA-OL-A66H-01A	0.3752
TCGA-A7-A6VY-01A	0.3717
TCGA-OL-A5RW-01A	0.3711
TCGA-GM-A2DC-01A	0.37
TCGA-A8-A07F-01A	0.3698
TCGA-BH-A0GY-01A	0.3677
TCGA-S3-AA0Z-01A	0.3654
TCGA-A7-A13D-01A	0.3649
TCGA-A8-A0A9-01A	0.3637
TCGA-C8-A26X-01A	0.3559
TCGA-LL-A6FP-01A	0.3547
TCGA-BH-A0H7-01A	0.3517
TCGA-BH-A1EV-01A	0.3513
TCGA-C8-A273-01A	0.349
TCGA-BH-A0HP-01A	0.3485
TCGA-C8-A12P-01A	0.3483
TCGA-AR-A0TR-01A	0.34530000000000005
TCGA-BH-A0DP-01A	0.3419
TCGA-C8-A26Z-01A	0.3415
TCGA-E2-A1IJ-01A	0.3414
TCGA-AO-A0J3-01A	0.3391
TCGA-E9-A1NC-01A	0.3381
TCGA-BH-A0AZ-01A	0.3365
TCGA-A8-A076-01A	0.3357
TCGA-D8-A1JF-01A	0.3352
TCGA-BH-A6R8-01A	0.3345
TCGA-BH-A1FN-01A	0.3342
TCGA-LL-A740-01A	0.3318
TCGA-BH-A0E0-01A	0.327
TCGA-B6-A0I9-01A	0.3262
TCGA-AQ-A1H3-01A	0.3257
TCGA-E9-A24A-01A	0.325
TCGA-3C-AALI-01A	0.3248
TCGA-D8-A1JG-01B	0.3212
TCGA-E9-A1N3-01A	0.31779999999999997
TCGA-OL-A66N-01A	0.3167
TCGA-E2-A1IH-01A	0.3158
TCGA-BH-A0W7-01A	0.3148
TCGA-WT-AB44-01A	0.3136
TCGA-AC-A8OS-01A	0.31340000000000007
TCGA-AQ-A54O-01A	0.3118
TCGA-D8-A1Y1-01A	0.3113
TCGA-D8-A1JK-01A	0.309
TCGA-A7-A4SB-01A	0.3084
TCGA-A8-A097-01A	0.3056
TCGA-AR-A1AR-01A	0.3052
TCGA-E2-A154-01A	0.3052
TCGA-A8-A0A2-01A	0.3049
TCGA-A7-A0DB-01A	0.3046
TCGA-A7-A13E-01A	0.3042
TCGA-E2-A15R-01A	0.303
TCGA-B6-A0IN-01A	0.3015999999999999
TCGA-E2-A1LE-01A	0.3
TCGA-OL-A66K-01A	0.2999
TCGA-BH-A1ES-06A	0.2989
TCGA-HN-A2NL-01A	0.298
TCGA-S3-AA10-01A	0.2977
TCGA-EW-A1OZ-01A	0.2954
TCGA-B6-A0I2-01A	0.2952
TCGA-BH-A0B4-01A	0.2944
TCGA-B6-A0RV-01A	0.294
TCGA-B6-A0WZ-01A	0.294
TCGA-E9-A1N8-01A	0.2937
TCGA-E2-A14W-01A	0.2925
TCGA-EW-A1P8-01A	0.2916
TCGA-A2-A0YG-01A	0.2883
TCGA-E2-A15I-01A	0.287
TCGA-UL-AAZ6-01A	0.2857
TCGA-D8-A1XU-01A	0.2854
TCGA-D8-A3Z6-01A	0.2854
TCGA-A8-A06N-01A	0.2849
TCGA-A2-A0SW-01A	0.2838
TCGA-A1-A0SN-01A	0.2807
TCGA-E9-A1NA-01A	0.2807
TCGA-BH-A0B8-01A	0.2806
TCGA-BH-A0HN-01A	0.2806
TCGA-A8-A08P-01A	0.2805
TCGA-C8-A12Q-01A	0.2795
TCGA-E9-A1ND-01A	0.2795
TCGA-E2-A15A-01A	0.2789
TCGA-3C-AAAU-01A	0.2771
TCGA-E2-A1LL-01A	0.2742
TCGA-BH-A0BA-01A	0.2736
TCGA-D8-A1J8-01A	0.2709
TCGA-BH-A0DS-01A	0.2699
TCGA-AR-A1AH-01A	0.2678
TCGA-S3-A6ZF-01A	0.2673
TCGA-E2-A10C-01A	0.2667
TCGA-EW-A423-01A	0.2663
TCGA-D8-A27K-01A	0.2657
TCGA-B6-A3ZX-01A	0.2645
TCGA-D8-A1XL-01A	0.2627
TCGA-A8-A08C-01A	0.2586
TCGA-A7-A13G-01B	0.2568
TCGA-A8-A06U-01A	0.2565
TCGA-A8-A06T-01A	0.2537
TCGA-B6-A0I8-01A	0.2521
TCGA-A7-A26H-01A	0.2519
TCGA-EW-A1P4-01A	0.2513
TCGA-OL-A5RX-01A	0.2513
TCGA-E2-A15A-06A	0.2506
TCGA-PE-A5DE-01A	0.2503
TCGA-D8-A13Y-01A	0.2502
TCGA-AR-A24V-01A	0.25
TCGA-A2-A0CV-01A	0.2477
TCGA-E2-A15D-01A	0.2477
TCGA-BH-A18L-01A	0.2476
TCGA-LL-A6FQ-01A	0.2472
TCGA-AN-A0FY-01A	0.2462
TCGA-A8-A08O-01A	0.24579999999999996
TCGA-A8-A09N-01A	0.2457
TCGA-E2-A14T-01A	0.2445
TCGA-E2-A9RU-01A	0.2434
TCGA-AN-A0XL-01A	0.2432
TCGA-AC-A62V-01A	0.2426
TCGA-AC-A8OP-01A	0.2419
TCGA-AO-A12E-01A	0.2409
TCGA-B6-A0I5-01A	0.2394
TCGA-AO-A128-01A	0.2387
TCGA-AC-A5XU-01A	0.2366
TCGA-AR-A0TZ-01A	0.2366
TCGA-C8-A131-01A	0.2362
TCGA-BH-A5J0-01A	0.23609999999999998
TCGA-BH-A0DD-01A	0.236
TCGA-A2-A3XS-01A	0.2355
TCGA-AN-A0FJ-01A	0.23359999999999997
TCGA-E2-A108-01A	0.2329
TCGA-D8-A3Z5-01A	0.2328
TCGA-BH-A5IZ-01A	0.2325
TCGA-B6-A401-01A	0.23140000000000002
TCGA-E9-A1R7-01A	0.23140000000000002
TCGA-E9-A249-01A	0.23109999999999997
TCGA-A2-A0EY-01A	0.2305
TCGA-AC-A62Y-01A	0.2297
TCGA-BH-A0BJ-01A	0.2293
TCGA-E2-A1BD-01A	0.2282
TCGA-BH-A0DO-01B	0.228
TCGA-BH-A0BZ-01A	0.2276
TCGA-E2-A152-01A	0.2264
TCGA-C8-A9FZ-01A	0.2263
TCGA-A1-A0SJ-01A	0.2259
TCGA-E2-A1IO-01A	0.2225
TCGA-A8-A093-01A	0.2193
TCGA-C8-A3M7-01A	0.219
TCGA-D8-A1XF-01A	0.2187
TCGA-BH-A0DT-01A	0.2185
TCGA-B6-A0WV-01A	0.2175
TCGA-AO-A1KQ-01A	0.217
TCGA-E2-A14V-01A	0.2145
TCGA-A8-A075-01A	0.2132
TCGA-BH-A18K-01A	0.2123
TCGA-D8-A1JI-01A	0.2115
TCGA-BH-A1F6-01A	0.2113
TCGA-AR-A5QM-01A	0.21079999999999996
TCGA-AO-A129-01A	0.2107
TCGA-C8-A1HK-01A	0.2082
TCGA-E2-A14Z-01A	0.208
TCGA-E9-A1RA-01A	0.208
TCGA-EW-A1PB-01A	0.2075
TCGA-E2-A56Z-01A	0.2074
TCGA-AC-A7VC-01A	0.2046
TCGA-A1-A0SF-01A	0.2037
TCGA-D8-A146-01A	0.2027
TCGA-E9-A22E-01A	0.2019
TCGA-E2-A1LK-01A	0.2012
TCGA-GM-A3XN-01A	0.1994
TCGA-A2-A1G0-01A	0.1976
TCGA-LL-A5YM-01A	0.197
TCGA-AR-A0U0-01A	0.196
TCGA-E2-A107-01A	0.1958
TCGA-AR-A5QP-01A	0.1956
TCGA-BH-A0BT-01A	0.1944
TCGA-PL-A8LX-01A	0.19359999999999997
TCGA-AC-A2BM-01A	0.1907
TCGA-E2-A159-01A	0.1906
TCGA-S3-A6ZH-01A	0.1906
TCGA-A2-A0T1-01A	0.1904
TCGA-BH-A0B2-01A	0.1888
TCGA-A8-A094-01A	0.1881
TCGA-E2-A15E-06A	0.1877
TCGA-AC-A2FM-01A	0.1872
TCGA-A8-A095-01A	0.1857
TCGA-BH-A0AU-01A	0.1847
TCGA-E2-A1LI-01A	0.18389999999999998
TCGA-E2-A1L7-01A	0.1836
TCGA-B6-A0IO-01A	0.1831
TCGA-A8-A06Y-01A	0.1824
TCGA-D8-A1JL-01A	0.1794
TCGA-EW-A6SD-01A	0.1784
TCGA-BH-A0HW-01A	0.1776
TCGA-B6-A0IG-01A	0.177
TCGA-AN-A0FW-01A	0.1765
TCGA-A2-A4S1-01A	0.1757
TCGA-JL-A3YW-01A	0.1753
TCGA-A8-A0A1-01A	0.175
TCGA-GM-A2DI-01A	0.174
TCGA-E2-A15M-01A	0.1731
TCGA-EW-A1IY-01A	0.172
TCGA-B6-A0RL-01A	0.17140000000000002
TCGA-C8-A12L-01A	0.1713
TCGA-A2-A0YH-01A	0.1705
TCGA-EW-A1J1-01A	0.1693
TCGA-AR-A1AY-01A	0.1691
TCGA-A7-A26F-01B	0.16890000000000002
TCGA-D8-A1XZ-01A	0.16890000000000002
TCGA-E9-A1QZ-01A	0.1679
TCGA-EW-A3U0-01A	0.1644
TCGA-A8-A09B-01A	0.1637
TCGA-B6-A0RS-01A	0.1631
TCGA-AO-A12B-01A	0.1623
TCGA-BH-A0BR-01A	0.16
TCGA-AN-A0AS-01A	0.1593
TCGA-AR-A0TP-01A	0.1591
TCGA-D8-A27T-01A	0.1591
TCGA-AC-A2BK-01A	0.1585
TCGA-EW-A1P5-01A	0.1582
TCGA-E9-A3X8-01A	0.1581
TCGA-BH-A0BV-01A	0.1579
TCGA-AN-A0XU-01A	0.157
TCGA-E9-A1NE-01A	0.1554
TCGA-AR-A0TV-01A	0.1553
TCGA-C8-A1HF-01A	0.1552
TCGA-E2-A14P-01A	0.1541
TCGA-BH-A1EO-01A	0.1534
TCGA-AN-A0AT-01A	0.1531
TCGA-D8-A1XY-01A	0.1526
TCGA-AR-A0TY-01A	0.1524
TCGA-BH-A0AW-01A	0.1521
TCGA-AC-A5EH-01A	0.1519
TCGA-OL-A66P-01A	0.1503
TCGA-E2-A1II-01A	0.1497
TCGA-E9-A1RB-01A	0.1493
TCGA-A8-A08X-01A	0.1492
TCGA-AC-A2QJ-01A	0.149
TCGA-A2-A0D1-01A	0.14890000000000003
TCGA-A2-A04W-01A	0.1484
TCGA-E2-A1L8-01A	0.1477
TCGA-BH-A18V-06A	0.1476
TCGA-C8-A1HJ-01A	0.1468
TCGA-AR-A0TT-01A	0.1461
TCGA-B6-A0IH-01A	0.1452
TCGA-E9-A1N4-01A	0.1452
TCGA-A8-A090-01A	0.1446
TCGA-BH-A0C1-01B	0.1444
TCGA-E2-A15G-01A	0.1442
TCGA-AQ-A04J-01A	0.1438
TCGA-OL-A5D7-01A	0.1429
TCGA-E2-A14N-01A	0.1425
TCGA-BH-A0AV-01A	0.1422
TCGA-GM-A2DD-01A	0.1419
TCGA-E9-A1RC-01A	0.1408
TCGA-A7-A425-01A	0.1402
TCGA-BH-A1EY-01A	0.13859999999999997
TCGA-AN-A0AR-01A	0.1381
TCGA-BH-A18J-01A	0.138
TCGA-BH-A0B7-01A	0.1379
TCGA-PE-A5DD-01A	0.1379
TCGA-C8-A12X-01A	0.1376
TCGA-E9-A1RH-01A	0.1373
TCGA-AO-A0JA-01A	0.1368
TCGA-A2-A3XZ-01A	0.1356
TCGA-BH-A0DH-01A	0.1345
TCGA-AR-A24K-01A	0.1342
TCGA-E9-A1RG-01A	0.1341
TCGA-E9-A22B-01A	0.134
TCGA-C8-A132-01A	0.133
TCGA-E9-A1N9-01A	0.1325
TCGA-AR-A251-01A	0.1324
TCGA-AN-A0FV-01A	0.131
TCGA-BH-A0B1-01A	0.1298
TCGA-C8-A138-01A	0.1295
TCGA-AN-A041-01A	0.129
TCGA-BH-A202-01A	0.1275
TCGA-E9-A226-01A	0.1275
TCGA-AO-A0JD-01A	0.1274
TCGA-A2-A0SV-01A	0.1271
TCGA-A8-A0AB-01A	0.127
TCGA-W8-A86G-01A	0.1261
TCGA-B6-A1KN-01A	0.126
TCGA-AR-A1AV-01A	0.1258
TCGA-E2-A15E-01A	0.124
TCGA-A7-A13F-01A	0.1239
TCGA-E2-A15P-01A	0.1228
TCGA-OL-A6VO-01A	0.1216
TCGA-AN-A0AM-01A	0.1212
TCGA-E9-A5UO-01A	0.1211
TCGA-AR-A24S-01A	0.1199
TCGA-AR-A250-01A	0.1199
TCGA-BH-A0WA-01A	0.1195
TCGA-C8-A8HR-01A	0.1195
TCGA-A2-A0EQ-01A	0.1189
TCGA-BH-A0E9-01B	0.1184
TCGA-A8-A09X-01A	0.11679999999999999
TCGA-A2-A0CS-01A	0.1164
TCGA-BH-A42T-01A	0.11570000000000001
TCGA-S3-AA14-01A	0.1155
TCGA-BH-A0HL-01A	0.1145
TCGA-A8-A099-01A	0.11429999999999998
TCGA-AO-A12D-01A	0.1142
TCGA-D8-A1XO-01A	0.1137
TCGA-A8-A084-01A	0.1133
TCGA-E2-A153-01A	0.1126
TCGA-AN-A0FD-01A	0.1125
TCGA-XX-A89A-01A	0.1123
TCGA-A1-A0SI-01A	0.1122
TCGA-A7-A3J1-01A	0.1122
TCGA-A8-A081-01A	0.1112
TCGA-E2-A1B5-01A	0.1109
TCGA-BH-A0HI-01A	0.1106
TCGA-PE-A5DC-01A	0.1095
TCGA-EW-A2FV-01A	0.1094
TCGA-LD-A9QF-01A	0.1081
TCGA-EW-A1PA-01A	0.1076
TCGA-E2-A15F-01A	0.1074
TCGA-AO-A0JI-01A	0.1072
TCGA-A8-A0A4-01A	0.1069
TCGA-AC-A6IW-01A	0.1069
TCGA-C8-A12V-01A	0.1068
TCGA-A2-A3XT-01A	0.1061
TCGA-D8-A1Y3-01A	0.1061
TCGA-BH-A0HQ-01A	0.106
TCGA-C8-A12Y-01A	0.1055
TCGA-B6-A0RI-01A	0.1053
TCGA-EW-A6S9-01A	0.105
TCGA-D8-A143-01A	0.1047
TCGA-E2-A155-01A	0.1047
TCGA-C8-A1HI-01A	0.1039
TCGA-A7-A26E-01A	0.10365
TCGA-AC-A23G-01A	0.1034
TCGA-A8-A0AD-01A	0.1026
TCGA-BH-A209-01A	0.1026
TCGA-B6-A0WX-01A	0.1022
TCGA-AR-A1AP-01A	0.1008
TCGA-BH-A0E2-01A	0.10070000000000001
TCGA-GM-A2DF-01A	0.10070000000000001
TCGA-LQ-A4E4-01A	0.10070000000000001
TCGA-B6-A0IK-01A	0.1006
TCGA-JL-A3YX-01A	0.1006
TCGA-A2-A0CO-01A	0.0996
TCGA-EW-A2FW-01A	0.0969
TCGA-D8-A1JA-01A	0.09679999999999998
TCGA-BH-A0HA-01A	0.0966
TCGA-BH-A0B0-01A	0.0964
TCGA-D8-A1JC-01A	0.0959
TCGA-C8-A27A-01A	0.0958
TCGA-A2-A0EO-01A	0.0955
TCGA-BH-A0GZ-01A	0.0952
TCGA-A7-A3IZ-01A	0.0951
TCGA-BH-A1ES-01A	0.095
TCGA-EW-A1OV-01A	0.0949
TCGA-AC-A4ZE-01A	0.0933
TCGA-A8-A09G-01A	0.0928
TCGA-BH-A1FM-01A	0.0926
TCGA-BH-A0B6-01A	0.0922
TCGA-A2-A3XW-01A	0.091
TCGA-E9-A1NH-01A	0.091
TCGA-BH-A6R9-01A	0.0906
TCGA-E2-A1IE-01A	0.0906
TCGA-BH-A0HY-01A	0.0898
TCGA-BH-A0DL-01A	0.0895
TCGA-BH-A204-01A	0.0891
TCGA-OL-A5D6-01A	0.0891
TCGA-A8-A07P-01A	0.0885
TCGA-A2-A1FX-01A	0.0877
TCGA-BH-A0EA-01A	0.0875
TCGA-BH-A0BW-01A	0.0869
TCGA-EW-A1PE-01A	0.0867
TCGA-C8-A8HQ-01A	0.0865
TCGA-A8-A09T-01A	0.0858
TCGA-BH-A0B5-01A	0.0848
TCGA-B6-A0RT-01A	0.0847
TCGA-E2-A1LA-01A	0.084
TCGA-D8-A27I-01A	0.0838
TCGA-A2-A0T0-01A	0.0836
TCGA-D8-A1XT-01A	0.0833
TCGA-A2-A0T4-01A	0.0831
TCGA-LD-A7W5-01A	0.0829
TCGA-BH-A0RX-01A	0.0827
TCGA-E2-A573-01A	0.0823
TCGA-OL-A5RV-01A	0.0819
TCGA-A2-A04R-01A	0.0813
TCGA-BH-A18I-01A	0.0813
TCGA-C8-A26V-01A	0.0806
TCGA-A8-A085-01A	0.08
TCGA-A7-A6VV-01A	0.07930000000000001
TCGA-A8-A07L-01A	0.0786
TCGA-AR-A24L-01A	0.0784
TCGA-S3-AA15-01A	0.07819999999999999
TCGA-C8-A8HP-01A	0.078
TCGA-BH-A0DE-01A	0.0778
TCGA-C8-A135-01A	0.0775
TCGA-C8-A134-01A	0.0772
TCGA-EW-A2FS-01A	0.0771
TCGA-E9-A229-01A	0.0767
TCGA-EW-A424-01A	0.0767
TCGA-A2-A04X-01A	0.076
TCGA-EW-A1PF-01A	0.0759
TCGA-LL-A440-01A	0.0756
TCGA-A2-A25C-01A	0.0748
TCGA-E2-A1LB-01A	0.0741
TCGA-B6-A0WW-01A	0.0739
TCGA-BH-A0H0-01A	0.0731
TCGA-B6-A0RP-01A	0.0696
TCGA-AO-A0JG-01A	0.06929999999999999
TCGA-AO-A126-01A	0.0691
TCGA-C8-A26W-01A	0.0689
TCGA-AN-A0XP-01A	0.0668
TCGA-D8-A1JN-01A	0.0663
TCGA-EW-A1IW-01A	0.0661
TCGA-A8-A09I-01A	0.0656
TCGA-PL-A8LZ-01A	0.065
TCGA-AR-A24P-01A	0.0646
TCGA-AR-A1AN-01A	0.0637
TCGA-AN-A0AK-01A	0.0636
TCGA-A2-A0CY-01A	0.0634
TCGA-E2-A1BC-01A	0.0634
TCGA-AR-A1AW-01A	0.0629
TCGA-A8-A0A7-01A	0.0628
TCGA-D8-A1JB-01A	0.0624
TCGA-E2-A576-01A	0.0622
TCGA-C8-A137-01A	0.0621
TCGA-AC-A7VB-01A	0.061599999999999995
TCGA-AN-A0XV-01A	0.0601
TCGA-BH-A0HB-01A	0.0601
TCGA-AO-A1KT-01A	0.0596
TCGA-AR-A24T-01A	0.0596
TCGA-B6-A1KI-01A	0.0592
TCGA-A8-A07I-01A	0.05910000000000001
TCGA-E2-A10A-01A	0.0582
TCGA-BH-A18T-01A	0.058
TCGA-LD-A74U-01A	0.058
TCGA-A8-A0A6-01A	0.0577
TCGA-AN-A0XW-01A	0.0577
TCGA-E2-A10E-01A	0.0572
TCGA-BH-A0DZ-01A	0.0569
TCGA-A8-A07J-01A	0.0562
TCGA-A8-A082-01A	0.0556
TCGA-A8-A09Z-01A	0.0556
TCGA-A8-A07U-01A	0.0553
TCGA-AC-A3W6-01A	0.0553
TCGA-AO-A03M-01B	0.0552
TCGA-A2-A4RW-01A	0.0545
TCGA-A2-A0EX-01A	0.0544
TCGA-BH-A0DK-01A	0.0542
TCGA-E2-A14Q-01A	0.0542
TCGA-AO-A0J5-01A	0.054
TCGA-BH-A1FE-01A	0.054
TCGA-BH-A0BC-01A	0.0537
TCGA-BH-A1EU-01A	0.0537
TCGA-BH-A28Q-01A	0.0533
TCGA-A2-A0CU-01A	0.0532
TCGA-AR-A1AJ-01A	0.0522
TCGA-EW-A2FR-01A	0.0521
TCGA-AR-A5QN-01A	0.052
TCGA-A2-A0YF-01A	0.0519
TCGA-C8-A1HM-01A	0.0513
TCGA-AC-A3BB-01A	0.051
TCGA-D8-A1JU-01A	0.0503
TCGA-BH-A0W3-01A	0.0498
TCGA-WT-AB41-01A	0.0495
TCGA-AC-A3EH-01A	0.0493
TCGA-EW-A1PH-01A	0.0486
TCGA-E2-A1L9-01A	0.04839999999999999
TCGA-AR-A2LH-01A	0.0483
TCGA-D8-A1XG-01A	0.0483
TCGA-E2-A14Y-01A	0.0483
TCGA-E9-A228-01A	0.0482
TCGA-D8-A1XM-01A	0.0481
TCGA-A1-A0SD-01A	0.048
TCGA-OL-A66J-01A	0.048
TCGA-GM-A2D9-01A	0.0479
TCGA-AN-A04A-01A	0.0475
TCGA-D8-A145-01A	0.0474
TCGA-E9-A1R2-01A	0.0472
TCGA-E9-A5FK-01A	0.046599999999999996
TCGA-AN-A046-01A	0.0464
TCGA-OL-A66I-01A	0.0461
TCGA-AR-A252-01A	0.046
TCGA-A2-A04V-01A	0.0457
TCGA-C8-A12W-01A	0.0457
TCGA-A8-A09C-01A	0.0456
TCGA-E2-A10B-01A	0.0451
TCGA-C8-A12M-01A	0.0449
TCGA-A2-A25B-01A	0.0448
TCGA-AR-A5QQ-01A	0.0438
TCGA-E9-A2JS-01A	0.0435
TCGA-B6-A40C-01A	0.043399999999999994
TCGA-A8-A09E-01A	0.0433
TCGA-A2-A0CQ-01A	0.0431
TCGA-A2-A0ST-01A	0.043
TCGA-AR-A24R-01A	0.043
TCGA-BH-A1FH-01A	0.0428
TCGA-A2-A0EU-01A	0.0426
TCGA-BH-A18P-01A	0.0425
TCGA-BH-A1F5-01A	0.0425
TCGA-C8-A1HE-01A	0.0422
TCGA-C8-A1HO-01A	0.0418
TCGA-EW-A1IX-01A	0.0416
TCGA-AO-A0JJ-01A	0.0414
TCGA-E9-A1R0-01A	0.0412
TCGA-AO-A0J8-01A	0.041
TCGA-BH-A18S-01A	0.04089999999999999
TCGA-E9-A3QA-01A	0.0407
TCGA-S3-AA12-01A	0.0407
TCGA-E9-A6HE-01A	0.0399
TCGA-A2-A0ER-01A	0.03980000000000001
TCGA-D8-A1X8-01A	0.03980000000000001
TCGA-D8-A73W-01A	0.0393
TCGA-GM-A2DA-01A	0.039099999999999996
TCGA-A8-A07S-01A	0.039
TCGA-A7-A56D-01A	0.0389
TCGA-A7-A4SA-01A	0.0385
TCGA-BH-A0H9-01A	0.038400000000000004
TCGA-B6-A0WS-01A	0.03769999999999999
TCGA-EW-A1P1-01A	0.0376
TCGA-B6-A0RH-01A	0.0372
TCGA-AO-A03P-01A	0.0371
TCGA-LL-A5YL-01A	0.037
TCGA-A1-A0SQ-01A	0.0361
TCGA-AR-A0TX-01A	0.0361
TCGA-BH-A0HU-01A	0.035899999999999994
TCGA-AC-A2FF-01A	0.0356
TCGA-AC-A8OR-01A	0.035
TCGA-A2-A0T7-01A	0.0347
TCGA-E9-A1N5-01A	0.0342
TCGA-B6-A2IU-01A	0.0338
TCGA-AR-A1AO-01A	0.0337
TCGA-D8-A73U-01A	0.0335
TCGA-E9-A22A-01A	0.0333
TCGA-AC-A2QI-01A	0.0332
TCGA-C8-A12Z-01A	0.0327
TCGA-BH-A0BM-01A	0.0325
TCGA-AN-A03X-01A	0.032
TCGA-AR-A2LO-01A	0.0318
TCGA-AR-A24U-01A	0.0315
TCGA-E9-A22H-01A	0.0315
TCGA-E2-A156-01A	0.0313
TCGA-A2-A0EN-01A	0.0311
TCGA-E2-A14O-01A	0.0311
TCGA-EW-A1OX-01A	0.0309
TCGA-AO-A03R-01A	0.030799999999999998
TCGA-AC-A6IX-01A	0.0307
TCGA-A1-A0SE-01A	0.0306
TCGA-B6-A0X4-01A	0.0305
TCGA-AC-A3W7-01A	0.0303
TCGA-D8-A1XA-01A	0.030099999999999995
TCGA-A2-A0SU-01A	0.03
TCGA-A2-A25A-01A	0.0295
TCGA-OL-A66O-01A	0.0294
TCGA-AQ-A0Y5-01A	0.0293
TCGA-E2-A572-01A	0.0291
TCGA-E9-A1NG-01A	0.0291
TCGA-C8-A278-01A	0.029
TCGA-AR-A24O-01A	0.0288
TCGA-AR-A1AU-01A	0.0286
TCGA-A7-A26G-01A	0.0282
TCGA-E2-A1B6-01A	0.0279
TCGA-E2-A15K-06A	0.0277
TCGA-V7-A7HQ-01A	0.0276
TCGA-AR-A1AM-01A	0.0275
TCGA-E2-A2P6-01A	0.025800000000000003
TCGA-BH-A201-01A	0.0253
TCGA-A2-A0EW-01A	0.0252
TCGA-AC-A8OQ-01A	0.0251
TCGA-AN-A0XN-01A	0.0251
TCGA-D8-A1XD-01A	0.0247
TCGA-EW-A3E8-01B	0.0247
TCGA-A2-A1G6-01A	0.0245
TCGA-AR-A2LE-01A	0.0245
TCGA-LD-A7W6-01A	0.0245
TCGA-BH-A8FZ-01A	0.024199999999999996
TCGA-AO-A12C-01A	0.0241
TCGA-A8-A08H-01A	0.0238
TCGA-A2-A0YK-01A	0.0237
TCGA-E2-A1IL-01A	0.0231
TCGA-AC-A5XS-01A	0.0229
TCGA-D8-A27G-01A	0.0228
TCGA-GM-A2DK-01A	0.0228
TCGA-BH-A1FL-01A	0.0227
TCGA-D8-A1JP-01A	0.0227
TCGA-A8-A096-01A	0.0225
TCGA-A2-A0YL-01A	0.022
TCGA-BH-A0DI-01A	0.0218
TCGA-A7-A0CG-01A	0.0216
TCGA-AO-A1KP-01A	0.0215
TCGA-EW-A1IZ-01A	0.0212
TCGA-B6-A1KF-01A	0.021
TCGA-BH-A1FU-01A	0.021
TCGA-BH-A0W4-01A	0.0209
TCGA-A8-A08A-01A	0.0208
TCGA-OL-A5RY-01A	0.0208
TCGA-AO-A03V-01A	0.0206
TCGA-EW-A6SC-01A	0.0206
TCGA-OL-A66L-01A	0.0206
TCGA-A8-A07E-01A	0.0204
TCGA-A8-A09R-01A	0.0204
TCGA-A8-A09D-01A	0.0202
TCGA-E2-A1IK-01A	0.0201
TCGA-GM-A2DM-01A	0.0201
TCGA-BH-A0C3-01A	0.02
TCGA-E2-A1B4-01A	0.019900000000000004
TCGA-A2-A0CZ-01A	0.0196
TCGA-A1-A0SB-01A	0.0194
TCGA-A2-A0CR-01A	0.019200000000000002
TCGA-E9-A243-01A	0.019200000000000002
TCGA-A2-A0YI-01A	0.0188
TCGA-AO-A0JE-01A	0.0187
TCGA-E9-A2JT-01A	0.0187
TCGA-A1-A0SH-01A	0.0185
TCGA-A7-A5ZW-01A	0.0185
TCGA-C8-A12U-01A	0.0185
TCGA-A8-A07G-01A	0.0184
TCGA-AN-A0FS-01A	0.018300000000000004
TCGA-B6-A0I1-01A	0.0181
TCGA-EW-A1J2-01A	0.0181
TCGA-AC-A2FB-01A	0.0175
TCGA-D8-A1XJ-01A	0.0175
TCGA-D8-A1XV-01A	0.0175
TCGA-D8-A27P-01A	0.0173
TCGA-GM-A4E0-01A	0.017
TCGA-BH-A1FR-01A	0.0162
TCGA-EW-A1OY-01A	0.0159
TCGA-A2-A3XV-01A	0.0157
TCGA-BH-A0BO-01A	0.0157
TCGA-D8-A27E-01A	0.0156
TCGA-BH-A0DX-01A	0.0155
TCGA-BH-A0EI-01A	0.015399999999999999
TCGA-E2-A1IG-01A	0.015399999999999999
TCGA-E2-A1LG-01A	0.015399999999999999
TCGA-A2-A25E-01A	0.0152
TCGA-AO-A1KO-01A	0.0145
TCGA-AR-A2LM-01A	0.0145
TCGA-D8-A1JS-01A	0.0145
TCGA-A8-A079-01A	0.0143
TCGA-D8-A1X6-01A	0.0143
TCGA-A8-A06P-01A	0.0141
TCGA-BH-A0HF-01A	0.0141
TCGA-OL-A6VQ-01A	0.013700000000000002
TCGA-BH-A1ET-01A	0.0136
TCGA-AO-A03U-01B	0.0135
TCGA-A2-A0SY-01A	0.0133
TCGA-E2-A150-01A	0.0133
TCGA-BH-A1FJ-01A	0.0125
TCGA-A8-A08Z-01A	0.0123
TCGA-B6-A0RQ-01A	0.0122
TCGA-E9-A227-01A	0.0122
TCGA-A7-A4SC-01A	0.012
TCGA-A2-A0EV-01A	0.011996148015435498
TCGA-4H-AAAK-01A	0.0118
TCGA-BH-A0DQ-01A	0.0117
TCGA-AQ-A7U7-01A	0.0116
TCGA-C8-A133-01A	0.0116
TCGA-A2-A0CK-01A	0.0114
TCGA-AC-A6IX-06A	0.011299999999999998
TCGA-EW-A1PD-01A	0.0112
TCGA-BH-AB28-01A	0.0107
TCGA-A2-A0T6-01A	0.0105
TCGA-GM-A2DO-01A	0.0102
TCGA-A7-A26E-01B	0.01
TCGA-GM-A3NY-01A	0.01
TCGA-A2-A0YC-01A	0.0099
TCGA-AR-A0TS-01A	0.0099
TCGA-BH-A1FB-01A	0.0094
TCGA-C8-A1HL-01A	0.0093
TCGA-A7-A13H-01A	0.009
TCGA-A2-A04Q-01A	0.0089
TCGA-A2-A0ES-01A	0.0089
TCGA-AC-A2FK-01A	0.0088
TCGA-D8-A27L-01A	0.0086
TCGA-AR-A2LQ-01A	0.0084
TCGA-BH-A0EE-01A	0.0084
TCGA-E2-A15T-01A	0.0084
TCGA-LL-A442-01A	0.0083
TCGA-E9-A1RI-01A	0.008
TCGA-BH-A42U-01A	0.0079
TCGA-AC-A3OD-01A	0.0072
TCGA-E2-A1B1-01A	0.0071
TCGA-E2-A1IF-01A	0.0071
TCGA-E9-A22D-01A	0.0071
TCGA-AN-A0FN-01A	0.007
TCGA-AR-A1AL-01A	0.007
TCGA-E2-A15K-01A	0.007
TCGA-D8-A27H-01A	0.0067
TCGA-A8-A07O-01A	0.0065
TCGA-B6-A0WT-01A	0.0063
TCGA-AN-A0FF-01A	0.0062
TCGA-A7-A426-01A	0.0056
TCGA-D8-A1Y0-01A	0.0054
TCGA-AO-A0JF-01A	0.0052
TCGA-AO-A12H-01A	0.0052
TCGA-E2-A1B0-01A	0.0052
TCGA-A7-A3IY-01A	0.0051
TCGA-A2-A4RY-01A	0.005
TCGA-BH-A0BF-01A	0.005
TCGA-EW-A1PG-01A	0.005
TCGA-5L-AAT0-01A	0.0047
TCGA-B6-A0X7-01A	0.0047
TCGA-A1-A0SG-01A	0.0046
TCGA-AR-A2LN-01A	0.0045
TCGA-A2-A3XU-01A	0.0044
TCGA-BH-A0BS-01A	0.0039
TCGA-AQ-A04H-01B	0.0038
TCGA-BH-A0C0-01A	0.0037
TCGA-BH-A0H3-01A	0.0033
TCGA-AC-A6IV-01A	0.003
TCGA-AC-A2FG-01A	0.0028
TCGA-BH-A0DV-01A	0.0028
TCGA-A2-A0CP-01A	0.0027
TCGA-A8-A09V-01A	0.0026
TCGA-A2-A0EP-01A	0.0024000000000000002
TCGA-BH-A0BQ-01A	0.0024000000000000002
TCGA-BH-A0H5-01A	0.0024000000000000002
TCGA-LL-A5YO-01A	0.0023
TCGA-A7-A0CH-01A	0.0022
TCGA-AC-A23C-01A	0.0021
TCGA-B6-A0RO-01A	0.0021
TCGA-D8-A140-01A	0.0021
TCGA-C8-A12O-01A	0.002
TCGA-E2-A1IU-01A	0.002
TCGA-LL-A50Y-01A	0.0018
TCGA-3C-AALK-01A	0.0016
TCGA-E2-A15J-01A	0.0016
TCGA-A8-A083-01A	0.0015
TCGA-GM-A5PX-01A	0.0014
TCGA-AC-A3TM-01A	0.0008
TCGA-B6-A0IP-01A	0.0007
TCGA-GM-A5PV-01A	0.0006000000000000001
TCGA-B6-A0RN-01A	0.0004
TCGA-BH-A1FE-06A	0
TCGA-A2-A4S0-01A	-0.00030000000000000003
TCGA-E9-A245-01A	-0.00030000000000000003
TCGA-XX-A899-01A	-0.00030000000000000003
TCGA-BH-A0HO-01A	-0.0005
TCGA-GM-A3XG-01A	-0.0005
TCGA-C8-A3M8-01A	-0.0007
TCGA-HN-A2OB-01A	-0.0007
TCGA-A7-A5ZX-01A	-0.001
TCGA-S3-AA11-01A	-0.0012000000000000001
TCGA-D8-A4Z1-01A	-0.0013
TCGA-AO-A0J4-01A	-0.0014
TCGA-E2-A3DX-01A	-0.0014
TCGA-A7-A3RF-01A	-0.0015
TCGA-D8-A1X5-01A	-0.0015
TCGA-E2-A14U-01A	-0.0018
TCGA-EW-A1J5-01A	-0.0018
TCGA-AO-A0JC-01A	-0.0019
TCGA-D8-A27N-01A	-0.0019
TCGA-AC-A3TN-01A	-0.0023
TCGA-PL-A8LY-01A	-0.0025
TCGA-AN-A0XO-01A	-0.0029
TCGA-AR-A0TQ-01A	-0.0032
TCGA-A2-A3KC-01A	-0.0033
TCGA-A2-A0EM-01A	-0.0035
TCGA-BH-A0DG-01A	-0.0036
TCGA-AC-A3QP-01A	-0.0037
TCGA-BH-A8G0-01A	-0.0038
TCGA-E9-A1NI-01A	-0.0043
TCGA-LL-A6FR-01A	-0.0043
TCGA-AO-A1KR-01A	-0.0044
TCGA-BH-A2L8-01A	-0.0049
TCGA-AR-A1AX-01A	-0.0051
TCGA-BH-A28O-01A	-0.0054
TCGA-AC-A3HN-01A	-0.0058
TCGA-A1-A0SM-01A	-0.0064
TCGA-GM-A2DN-01A	-0.0064
TCGA-BH-A0HK-01A	-0.0066
TCGA-A2-A25D-01A	-0.0068
TCGA-OK-A5Q2-01A	-0.0068
TCGA-AR-A2LJ-01A	-0.0069
TCGA-C8-A12N-01A	-0.0074
TCGA-BH-A42V-01A	-0.0081
TCGA-AC-A2B8-01A	-0.0087
TCGA-E9-A3Q9-01A	-0.0088
TCGA-OL-A6VR-01A	-0.0088
TCGA-E2-A1L6-01A	-0.0089
TCGA-C8-A1HN-01A	-0.0091
TCGA-AN-A0XR-01A	-0.0098
TCGA-AN-A0FK-01A	-0.0099
TCGA-Z7-A8R5-01A	-0.0103
TCGA-AR-A0TW-01A	-0.0106
TCGA-A2-A04Y-01A	-0.0112
TCGA-BH-A1FG-01A	-0.012099999999999998
TCGA-AR-A24X-01A	-0.0122
TCGA-D8-A1XC-01A	-0.0125
TCGA-BH-A0E7-01A	-0.0127
TCGA-GM-A3NW-01A	-0.012900000000000002
TCGA-BH-A0HX-01A	-0.0134
TCGA-E2-A10F-01A	-0.0134
TCGA-AC-A2FE-01A	-0.0138
TCGA-AC-A3YI-01A	-0.0141
TCGA-BH-A0B3-01A	-0.0143
TCGA-B6-A0X5-01A	-0.0151
TCGA-LL-A5YN-01A	-0.0151
TCGA-A2-A259-01A	-0.015399999999999999
TCGA-B6-A0IE-01A	-0.0157
TCGA-A2-A25F-01A	-0.0158
TCGA-OL-A5RU-01A	-0.0159
TCGA-AC-A3QQ-01A	-0.0163
TCGA-B6-A0X0-01A	-0.0163
TCGA-E9-A1R6-01A	-0.0163
TCGA-LL-A8F5-01A	-0.0178
TCGA-LD-A66U-01A	-0.0185
TCGA-E9-A1R5-01A	-0.0196
TCGA-E9-A1RD-01A	-0.0201
TCGA-BH-A1F0-01A	-0.0208
TCGA-E2-A15O-01A	-0.0208
TCGA-BH-A1F2-01A	-0.0216
TCGA-BH-A8FY-01A	-0.0223
TCGA-BH-A0W5-01A	-0.0224
TCGA-AC-A2FO-01A	-0.0229
TCGA-A2-A3KD-01A	-0.023
TCGA-A1-A0SP-01A	-0.0234
TCGA-OL-A5DA-01A	-0.0234
TCGA-E2-A15C-01A	-0.0236
TCGA-BH-A0E1-01A	-0.0237
TCGA-BH-A18G-01A	-0.024
TCGA-A2-A0YD-01A	-0.0241
TCGA-AC-A3OD-01B	-0.0241
TCGA-OL-A5D8-01A	-0.0244
TCGA-B6-A0RM-01A	-0.0248
TCGA-BH-A0BD-01A	-0.0263
TCGA-AR-A24Z-01A	-0.0267
TCGA-B6-A0IA-01A	-0.0268
TCGA-D8-A13Z-01A	-0.0275
TCGA-D8-A1JH-01A	-0.0275
TCGA-D8-A1Y2-01A	-0.0282
TCGA-B6-A40B-01A	-0.0294
TCGA-AC-A3YJ-01A	-0.0296
TCGA-A2-A0D3-01A	-0.03
TCGA-AR-A24N-01A	-0.0304
TCGA-BH-A18M-01A	-0.0304
TCGA-A2-A04N-01A	-0.0305
TCGA-EW-A1P7-01A	-0.0309
TCGA-B6-A1KC-01A	-0.0324
TCGA-EW-A1P6-01A	-0.0324
TCGA-E2-A1IN-01A	-0.0328
TCGA-AR-A1AK-01A	-0.033
TCGA-D8-A27W-01A	-0.0331
TCGA-AN-A04D-01A	-0.0333
TCGA-A2-A0T5-01A	-0.0334
TCGA-D8-A1X7-01A	-0.0337
TCGA-B6-A1KC-01B	-0.0339
TCGA-C8-A1HG-01A	-0.0342
TCGA-BH-A18F-01A	-0.0348
TCGA-E2-A15L-01A	-0.0353
TCGA-E2-A109-01A	-0.0355
TCGA-A2-A1FZ-01A	-0.0356
TCGA-D8-A141-01A	-0.0365
TCGA-LL-A441-01A	-0.0369
TCGA-AR-A24M-01A	-0.0378
TCGA-MS-A51U-01A	-0.0382
TCGA-LL-A7SZ-01A	-0.0397
TCGA-A2-A0CX-01A	-0.03980000000000001
TCGA-AO-A12A-01A	-0.0401
TCGA-LL-A73Z-01A	-0.0403
TCGA-BH-A0H6-01A	-0.0405
TCGA-E2-A15H-01A	-0.041
TCGA-BH-A18R-01A	-0.0416
TCGA-D8-A1XB-01A	-0.0421
TCGA-EW-A1J3-01A	-0.0428
TCGA-AO-A1KS-01A	-0.0432
TCGA-A2-A3Y0-01A	-0.0442
TCGA-C8-A275-01A	-0.0455
TCGA-AO-A0J9-01A	-0.0471
TCGA-AR-A254-01A	-0.0478
TCGA-C8-A130-01A	-0.0488
TCGA-BH-A1EW-01A	-0.0505
TCGA-D8-A73X-01A	-0.0529
TCGA-D8-A1XS-01A	-0.0532
TCGA-AN-A0FX-01A	-0.054
TCGA-A7-A26J-01A	-0.054099999999999995
TCGA-D8-A27R-01A	-0.055
TCGA-D8-A142-01A	-0.0551
TCGA-A2-A3XX-01A	-0.0553
TCGA-E2-A2P5-01A	-0.0562
TCGA-AO-A0JL-01A	-0.0565
TCGA-A8-A08T-01A	-0.0581
TCGA-A8-A08J-01A	-0.0586
TCGA-A2-A3XY-01A	-0.0594
TCGA-E2-A14R-01A	-0.0599
TCGA-AO-A0J2-01A	-0.0637
TCGA-AR-A0U1-01A	-0.0647
TCGA-BH-A18H-01A	-0.0653
TCGA-A2-A0YM-01A	-0.0677
TCGA-AR-A2LL-01A	-0.0682
TCGA-E2-A106-01A	-0.0691
TCGA-A2-A4S2-01A	-0.0695
TCGA-A8-A086-01A	-0.0702
TCGA-A7-A26J-01B	-0.0705
TCGA-BH-A203-01A	-0.07179999999999999
TCGA-E2-A14S-01A	-0.0725
TCGA-D8-A27V-01A	-0.0731
TCGA-AR-A1AS-01A	-0.07320000000000002
TCGA-3C-AALJ-01A	-0.0769
TCGA-AN-A04C-01A	-0.0784
TCGA-AO-A0JM-01A	-0.0792
TCGA-E9-A248-01A	-0.07960000000000002
TCGA-AC-A2QH-01B	-0.0826
TCGA-A2-A0ET-01A	-0.0918
TCGA-AC-A23E-01A	-0.0952
TCGA-B6-A400-01A	-0.0955
TCGA-B6-A408-01A	-0.0959
TCGA-A1-A0SK-01A	-0.0977
TCGA-AO-A03O-01A	-0.1016
TCGA-A2-A0CM-01A	-0.1029
TCGA-AC-A23H-01A	-0.1033
TCGA-A2-A04U-01A	-0.106
TCGA-A7-A3J0-01A	-0.1077
TCGA-E9-A244-01A	-0.1081
TCGA-Z7-A8R6-01A	-0.1089
TCGA-A8-A08B-01A	-0.1091
TCGA-B6-A409-01A	-0.1117
TCGA-A8-A06O-01A	-0.1124
TCGA-A8-A09M-01A	-0.11679999999999999
TCGA-AR-A0U4-01A	-0.1169
TCGA-BH-A0C7-01B	-0.1181
TCGA-A7-A5ZV-01A	-0.1223
TCGA-AO-A12F-01A	-0.1294
TCGA-D8-A1JT-01A	-0.133
TCGA-A7-A0CJ-01A	-0.1335
TCGA-E2-A14X-01A	-0.1356
TCGA-AN-A03Y-01A	-0.138
TCGA-LL-A7T0-01A	-0.1421
TCGA-A7-A4SD-01A	-0.1425
TCGA-BH-A208-01A	-0.1431
TCGA-E2-A1AZ-01A	-0.1462
TCGA-C8-A12T-01A	-0.1484
TCGA-S3-A6ZG-01A	-0.15
TCGA-BH-A0BL-01A	-0.1578
TCGA-BH-A18N-01A	-0.1578
TCGA-EW-A6SB-01A	-0.1593
TCGA-B6-A0WY-01A	-0.1597
TCGA-AN-A0XS-01A	-0.1613
TCGA-AR-A2LR-01A	-0.1614
TCGA-A2-A1G1-01A	-0.1632
TCGA-E2-A1LH-01A	-0.16359999999999997
TCGA-BH-A1FC-01A	-0.1751
TCGA-LL-A73Y-01A	-0.1795
TCGA-A7-A0DC-01A	-0.18329999999999996
TCGA-A2-A0D4-01A	-0.18389999999999998
TCGA-A8-A092-01A	-0.1855
TCGA-A7-A0DC-01B	-0.1879
TCGA-C8-A12K-01A	-0.1957
TCGA-A8-A07Z-01A	-0.1974
TCGA-A8-A07R-01A	-0.20109999999999997
TCGA-A2-A0YT-01A	-0.2102
TCGA-A2-A0D2-01A	-0.2103
TCGA-AR-A1AQ-01A	-0.2135
TCGA-A8-A07W-01A	-0.214
TCGA-AR-A1AI-01A	-0.2172
TCGA-GI-A2C9-01A	-0.224
TCGA-D8-A1JD-01A	-0.2248
TCGA-D8-A147-01A	-0.2254
TCGA-A7-A2KD-01A	-0.2266
TCGA-A7-A0DA-01A	-0.2269
TCGA-AO-A03L-01A	-0.2276
TCGA-AR-A255-01A	-0.2289
TCGA-BH-A0E6-01A	-0.2302
TCGA-D8-A27M-01A	-0.2404
TCGA-E9-A5FL-01A	-0.2417
TCGA-E9-A5UP-01A	-0.2422
TCGA-B6-A0IJ-01A	-0.244
TCGA-B6-A0RU-01A	-0.2468
TCGA-E2-A15S-01A	-0.2476
TCGA-EW-A6SA-01A	-0.2502
TCGA-LL-A5YP-01A	-0.2513
TCGA-AR-A256-01A	-0.2532
TCGA-C8-A26Y-01A	-0.2591
TCGA-D8-A1JE-01A	-0.2601
TCGA-AR-A0TU-01A	-0.2607
TCGA-E9-A54Y-01A	-0.2634
TCGA-E9-A1RF-01A	-0.2638
TCGA-D8-A1XK-01A	-0.2674
TCGA-B6-A0X1-01A	-0.2677
TCGA-OL-A5S0-01A	-0.2679
TCGA-BH-A18U-01A	-0.2829
TCGA-A8-A08F-01A	-0.2864
TCGA-A7-A26I-01A	-0.2865
TCGA-AR-A2LK-01A	-0.28780000000000006
TCGA-5L-AAT1-01A	-0.2935
TCGA-A8-A09Q-01A	-0.2937
TCGA-A8-A08I-01A	-0.3099
TCGA-GM-A2DH-01A	-0.315
TCGA-A2-A0D0-01A	-0.3189
TCGA-A2-A0SX-01A	-0.3193
TCGA-A2-A4S3-01A	-0.3213
TCGA-B6-A0IQ-01A	-0.3217
TCGA-PL-A8LV-01A	-0.3236
TCGA-A7-A6VX-01A	-0.3248
TCGA-A7-A4SE-01A	-0.3261
TCGA-A2-A4RX-01A	-0.3287
TCGA-EW-A1PC-01B	-0.32969999999999994
TCGA-A8-A07C-01A	-0.3318
TCGA-B6-A0RG-01A	-0.3331
TCGA-BH-A18Q-01A	-0.3355
TCGA-D8-A27F-01A	-0.3477
TCGA-B6-A0I6-01A	-0.356
TCGA-BH-A0B9-01A	-0.3564
TCGA-5T-A9QA-01A	-0.362
TCGA-GM-A3XL-01A	-0.3664
TCGA-A2-A04P-01A	-0.3671
TCGA-AR-A24Q-01A	-0.3693
TCGA-D8-A1J9-01A	-0.3737
TCGA-EW-A1J6-01A	-0.3895
TCGA-BH-A0BG-01A	-0.3939
TCGA-C8-A274-01A	-0.3998
TCGA-AO-A0J7-01A	-0.4118
TCGA-BH-A18V-01A	-0.4202
TCGA-BH-A1F8-01A	-0.4227
TCGA-AQ-A54N-01A	-0.4247
TCGA-A2-A04T-01A	-0.4257
TCGA-A8-A08S-01A	-0.426
TCGA-E9-A1RE-01A	-0.4331
TCGA-D8-A1XQ-01A	-0.4382
TCGA-A8-A08R-01A	-0.4427
TCGA-E9-A22G-01A	-0.4459000000000001
TCGA-A8-A06Q-01A	-0.44720766262684636
TCGA-EW-A1OW-01A	-0.4692
TCGA-A8-A08L-01A	-0.4856
TCGA-D8-A1JM-01A	-0.5501
TCGA-AN-A0XT-01A	-0.5615
TCGA-A8-A091-01A	-0.582
TCGA-B6-A402-01A	-0.5828
TCGA-AC-A62X-01A	-0.5896
TCGA-E2-A105-01A	-0.6131999999999999
TCGA-A7-A0CD-01A	-0.6735
TCGA-A8-A07B-01A	-0.6905